filler_zip,poly_index,assigned_to_zip,centroid_lon,centroid_lat,area_m2
006MX,0,00677,-67.4807544,18.3840474,1314059.62
007MX,0,00765,-65.3159209,18.1360438,13560632.67
007MX,1,00795,-66.5193410,17.8947261,1529369.62
035MX,0,03592,-71.0595305,44.9910221,552832.15
044MX,0,04492,-67.4668913,45.3671277,50428995.27
044MX,1,04478,-69.6294731,46.2997771,5309128389.83
046MX,0,04622,-67.9869898,45.0498359,830506290.74
047MX,0,04774,-69.0830083,47.3235999,101317538.49
047MX,1,04780,-68.1504563,46.3909516,184023812.67
047MX,2,04741,-69.2713765,46.7958740,5247967037.89
049MX,0,04985,-69.9466056,45.4927815,2063203.40
206MH,0,20687,-76.5121770,38.0355543,919749.43
218MX,0,23336,-75.2555625,38.0386209,69703656.66
218MX,1,21627,-76.0271000,38.0936658,10653906.64
233MX,0,delete,-76.0781292,37.0354613,33288.37
234MX,0,21866,-75.9994068,37.9503148,539231.68
234MX,1,21824,-76.0275609,37.9576353,1401440.72
234MX,2,21824,-76.0434585,37.9596007,1460692.68
285MX,0,delete,-76.1404978,35.0022443,411148.15
313MX,0,31321,-81.6977824,32.0018248,8204161.09
313MX,1,31316,-81.7478992,32.0128763,6025734.05
314MH,0,31324,-81.0770778,31.8028594,1476769.25
316MX,0,31631,-82.7404853,30.8059063,1562679.51
320MX,0,32066,-83.1833155,29.8317410,6917145.15
323MX,0,32322,-84.7725295,29.9859312,110914933.61
326MX,0,32680,-83.1833863,29.8117892,1593992.39
327MH,0,32796,-80.7477127,28.7136666,3629199.89
327MX,0,32702,-81.7286626,29.1614039,12914715.72
329MH,0,32815,-80.7189958,28.7314729,60705595.82
329MX,0,32815,-80.7261793,28.7086105,178916.00
329MX,1,32815,-80.7021472,28.7405928,8693930.89
330MX,0,33037,-80.2116890,25.4326930,14430433.53
330MX,1,33332,-80.6386645,26.1570783,1327881623.20
331MX,0,33018,-80.7314353,25.8759323,512189916.00
334MH,0,33438,-80.8015167,26.8633238,367729367.86
334MX,0,33493,-80.6493957,26.4295481,636567886.74
334MX,1,33471,-81.0119423,26.9028724,123722988.80
344MX,0,32134,-81.7386756,29.2022189,9414729.32
391MX,0,39180,-91.0778053,32.2242423,853294.22
420MX,0,42045,-88.0935083,36.8916577,1948703.49
422MX,0,42211,-88.0753289,36.8691607,14841778.12
499MX,0,55605,-88.5377239,48.1107379,612899.14
499MX,1,55605,-88.5558628,48.1018056,239064.00
499MX,2,55605,-88.8013111,47.9341661,167940.55
499MX,3,55605,-88.8906053,47.9853184,561410650.99
556MX,0,55603,-91.1149741,47.7983812,13395099.15
556MX,1,55603,-91.1633011,47.7569922,2838870.48
556MX,2,55731,-91.2778985,47.7684952,55395721.93
557MX,0,55731,-91.7493878,48.1850541,10823000.32
557MX,1,55750,-91.9472034,47.5842811,17324110.16
566MH,0,56686,-94.8282182,49.0932268,500524808.97
566MH,1,56666,-95.0677157,47.9918036,372464860.16
566MX,0,56686,-95.0656572,48.5117991,988807412.96
567MH,0,56685,-94.9127467,48.1203183,245432505.59
567MX,0,56711,-95.0901250,49.1965224,55221166.51
567MX,1,56685,-94.9467540,48.2283027,564477684.88
590MH,0,59035,-108.1058897,45.1981615,20876320.42
590MX,0,59054,-108.1137865,46.6977670,138982683.37
590MX,1,59101,-108.1303823,45.4819867,42321069.40
590MX,2,59022,-107.1626952,45.6633377,215344780.20
590MX,3,59035,-107.8662152,45.2049500,18248137.40
590MX,4,59014,-108.5256364,45.0290784,50751374.95
590MX,5,59066,-108.2444027,45.1952509,566202177.55
590MX,6,59035,-108.0586321,45.1110222,546712817.30
593MX,0,59043,-106.9013965,45.7048208,4692430.42
594MX,0,59434,-113.0901239,48.2144600,365595292.98
595MX,0,59547,-109.0766379,48.9853461,22611707.06
595MX,1,59527,-108.9765218,48.0628793,273622.82
598MX,0,59826,-113.2644630,47.3735331,1410299789.05
599MH,0,59930,-115.3161894,48.6735437,14111627.06
599MX,0,59911,-113.4025221,47.9343015,3296807007.75
599MX,1,59930,-115.3586376,48.9714025,46181932.79
599MX,2,59923,-115.2691039,48.6917736,76863804.34
599MX,3,59923,-115.3893052,48.6875281,259754276.51
700MH,0,70083,-89.7337400,29.3653194,155256128.10
700MH,1,70030,-90.2603071,29.7372459,112219368.96
700MX,0,delete,-89.3941614,29.9490575,4376296.34
700MX,1,delete,-89.4315318,29.8650553,289897.93
700MX,2,delete,-89.4413651,29.7071662,108196.42
700MX,3,delete,-89.4529411,29.9050477,140201.63
700MX,4,delete,-89.4584777,29.6789024,55956.29
700MX,5,delete,-89.5322427,29.6545801,3761206.36
700MX,6,delete,-89.5130960,29.9718428,50250060.77
700MX,7,delete,-89.4596452,29.8333182,72431037.20
700MX,8,delete,-89.6534659,29.5768187,1518252.76
700MX,9,delete,-89.6736289,29.3053213,244909.05
703MH,0,70353,-90.8344003,29.1318380,86829476.65
703MH,1,70397,-90.9956214,29.1860570,309790.53
703MH,2,70397,-91.0719068,29.2582250,86243120.25
703MH,3,70356,-91.1563659,29.2356587,17199720.77
703MH,4,70356,-91.2365058,29.2889496,132135226.81
703MH,5,70356,-91.3459148,29.3303105,246199.57
703MH,6,70356,-91.3183250,29.2943139,8745335.74
703MH,7,70356,-91.1058593,29.4515950,763913103.47
703MX,0,70339,-91.3795580,29.9332594,7428935.38
704MX,0,70461,-89.5290411,30.1846254,553471.89
705MH,0,70643,-91.8693126,29.5604245,294599480.91
705MH,1,70643,-92.1359774,29.6772864,1742424.26
705MX,0,70643,-92.1945797,29.6291033,283096102.42
707MX,0,70764,-91.4877004,30.0059825,81380669.73
765MX,0,76544,-97.7638410,31.2379691,11914549.18
769MX,0,76951,-100.8885696,32.0728550,20948880.57
769MX,1,76958,-100.8553495,31.6310783,6637957.72
769MX,2,76958,-101.1379971,31.5173057,125815833.58
769MX,3,76941,-101.0857739,31.3107687,115771193.54
769MX,4,76930,-101.2813267,31.3230213,180896798.40
774MX,0,77457,-95.8266188,28.6676941,34562493.90
774MX,1,77457,-96.1071070,28.5494651,34287300.71
775MX,0,77650,-94.4591528,29.6362520,6096954.97
776MX,0,77655,-94.2231384,29.6364927,146921799.26
779MX,0,78377,-96.7977083,28.2507365,7261226.13
779MX,1,78377,-96.8166324,28.1818190,1667.39
779MX,2,78377,-96.6457089,28.2275668,180724261.28
780MX,0,78044,-98.9439819,27.8796330,28348314.22
780MX,1,78045,-99.0509504,27.7936630,53652499.53
780MX,2,78014,-99.1577286,28.0885810,40279635.12
780MX,3,78045,-99.9433690,28.1155498,330336636.98
783MX,0,77983,-96.8146744,28.1933308,2456.96
783MX,1,77983,-96.8171240,28.1815053,2942.01
783MX,2,78377,-96.8760138,28.1109759,31848726.03
783MX,3,78377,-96.9454428,27.9872136,52932493.31
783MX,4,78418,-97.3475494,27.1630014,202790681.06
783MX,5,78415,-97.4545527,27.3140141,56052.85
783MX,6,78415,-97.4488266,27.4161132,249563800.19
783MX,7,78385,-97.5516906,27.1394040,446963392.76
783MX,8,78363,-97.6004400,27.4011188,288356727.85
783MX,9,78385,-97.7567815,27.1138584,34197121.47
783MX,10,78363,-98.0190424,27.4614819,41164776.45
783MX,11,78338,-97.7688865,26.8059778,1763387032.10
783MX,12,78361,-98.4216148,26.9908391,269638068.88
783MX,13,78357,-98.7299054,27.6783108,70279477.95
783MX,14,78044,-98.8775749,27.8142831,97726222.43
783MX,15,78361,-99.0706367,27.2154576,34117399.58
785MX,0,78597,-97.2794719,26.5362438,17841204.47
785MX,1,78597,-97.3183975,26.6176846,22530822.92
785MX,2,78542,-98.0351786,26.7531317,65157876.08
785MX,3,78542,-98.1042170,26.7611337,2468897.66
788MH,0,78877,-100.7408173,29.1596856,1942406.27
788MX,0,78851,-101.7806750,29.9285640,23478090.33
788MX,1,78877,-100.7512096,29.1960083,48606147.55
788MX,2,78801,-100.1044503,29.0625578,3499121.71
788MX,3,78872,-100.0751881,29.0166085,3945993.37
788MX,4,78852,-100.3058212,29.0525572,503882099.02
788MX,5,78834,-100.1047345,28.3516078,21457988.20
788MX,6,78834,-100.1128531,28.2402600,13731397.92
790MX,0,79095,-100.0128838,35.1243850,8321881.12
790MX,1,79083,-101.6896304,35.7151882,10710684.28
790MX,2,79058,-101.7166578,35.5264695,43568952.50
790MX,3,79010,-102.3365055,35.5858174,6238094.77
790MX,4,79092,-102.3910608,35.5670168,23321535.05
790MX,5,79018,-102.5425522,35.6391476,15121647.12
790MX,6,79092,-102.5449988,35.5714840,63627671.13
790MX,7,79001,-102.8574450,35.5673865,9070289.63
790MX,8,79001,-102.8903873,35.3484755,14744222.51
790MX,9,79001,-102.9909338,35.5588196,114629368.36
791MX,0,79108,-101.7215340,35.4468428,40501673.92
792MX,0,79257,-101.1856174,34.6854864,56367742.71
792MX,1,79248,-100.0919490,33.6960962,181034681.29
792MX,2,79502,-100.2128893,33.5311211,959573099.56
793MX,0,79370,-100.5455997,33.4881601,2414354.79
793MX,1,79351,-101.4879070,32.9665339,1487633.13
795MX,0,79227,-99.9905250,33.7585894,1707496.01
795MX,1,79720,-101.1488967,32.1119625,16362503.75
797MX,0,79714,-102.9441119,32.1075308,83073553.22
797MX,1,79770,-103.8900896,31.9791430,39829173.52
797MX,2,79758,-102.4299774,32.1221631,59468832.89
797MX,3,79772,-103.9228145,31.6932012,49155661.26
797MX,4,79719,-103.4340456,31.6518208,361516297.45
797MX,5,79777,-103.2888071,31.5398716,85186314.42
797MX,6,79772,-104.1452379,31.3990157,29976986.84
797MX,7,79731,-102.2240885,31.4764858,88018972.73
797MX,8,79752,-102.1293474,31.3716248,91820856.20
797MX,9,79772,-104.0217644,31.1667416,82089801.95
797MX,10,79718,-103.8092193,31.1490242,90237137.17
797MX,11,79731,-102.4002270,31.2104982,80525573.07
797MX,12,79772,-103.4551546,31.0996959,83646034.58
797MX,13,79735,-102.9669654,31.0784373,13017327.72
797MX,14,79735,-102.7853757,31.0860488,43634679.20
797MX,15,76943,-101.8254794,31.1489922,23087558.36
797MX,16,79735,-102.5876410,31.0512549,292090377.89
797MX,17,79735,-103.2468241,30.8445653,62690059.44
797MX,18,79735,-102.1526551,30.7467987,439226204.03
797MX,19,79735,-103.2919169,30.6543720,735086568.45
797MX,20,79735,-102.4018544,30.4357680,254882685.38
797MX,21,79735,-102.7341277,30.4277921,1075529652.88
797MX,22,79848,-102.6167519,30.1190061,72688174.05
798MX,0,79847,-105.3249547,31.9721697,44856029.01
798MX,1,79847,-105.6343220,31.8784320,319724690.47
798MX,2,79839,-105.5524502,31.6037150,209481970.35
798MX,3,79851,-105.5050225,31.3851138,48568346.49
798MX,4,79847,-104.3562852,31.6789143,3006682399.43
798MX,5,79851,-105.1017643,31.4170784,1206759360.49
798MX,6,79855,-104.1533645,31.2156151,112128619.56
798MX,7,79851,-105.3057125,31.0386785,146816100.23
798MX,8,79854,-104.6086293,30.8741585,52761795.41
798MX,9,79851,-105.0525764,30.7385491,257925929.44
798MX,10,79830,-103.3456653,30.5487187,104304546.52
798MX,11,79854,-104.5660322,30.4417437,115376969.73
798MX,12,78851,-102.1495717,30.5676722,304079575.11
798MX,13,79842,-103.0058029,30.2639621,384912590.83
798MX,14,79830,-103.3468040,29.8899229,44530903.25
798MX,15,79830,-102.7170258,29.9111453,2093706774.33
798MX,16,79843,-103.9666383,29.6724994,1298228010.06
799MX,0,79847,-105.6721825,31.9781621,137811225.07
799MX,1,79938,-105.7442738,31.8346665,175816275.39
809MX,0,80926,-104.8146569,38.5403310,1744423.66
813MH,0,84534,-109.0347349,37.0057233,2378769.79
813MX,0,81334,-108.9189448,37.0804736,362488441.83
823MH,0,82334,-106.6887365,41.9959558,343362.71
823MH,1,82331,-106.8970906,41.6630800,81029.13
823MH,2,82331,-106.9441518,41.5959995,3199548.92
823MX,0,82604,-106.6488715,42.3256880,254164445.23
823MX,1,82336,-108.2624692,42.0478332,4289662103.80
823MX,2,82334,-107.0852560,42.0642401,526317745.10
823MX,3,82334,-106.7488642,41.9649701,305636647.97
823MX,4,82329,-106.3539796,41.8906459,176964215.83
823MX,5,82327,-106.6360254,41.7600364,39338555.03
823MX,6,82301,-107.5348941,41.6718372,220372084.84
823MX,7,82324,-106.6251000,41.7132652,39509400.96
823MX,8,82336,-108.2606371,41.4949151,504122519.35
823MX,9,82331,-107.1144905,41.4746391,346154807.79
823MX,10,82321,-107.6246956,41.4370446,1032159225.39
824MX,0,82834,-107.3202959,44.2782507,104728652.17
824MX,1,82401,-107.6654551,43.8495515,533930188.27
824MX,2,82411,-108.3740091,44.2044237,213430543.47
824MX,3,82433,-108.6299507,44.1930091,87778939.23
824MX,4,82433,-108.7209525,44.4789212,270038683.73
824MX,5,82443,-108.4370237,43.5258893,240888726.00
825MX,0,82501,-107.7830981,42.9504160,210867036.15
825MX,1,82501,-107.7223739,42.7354490,676242158.23
825MX,2,82520,-108.1437741,42.6860815,18960165.35
825MX,3,82520,-108.2731243,42.7313965,20780514.16
825MX,4,82520,-107.8754771,42.3102085,343374250.28
825MX,5,82501,-108.4328526,42.8254960,28349015.06
825MX,6,82520,-108.4599901,42.3359393,113392343.02
825MX,7,82520,-108.7342952,42.3052996,190463539.31
826MX,0,82601,-106.0895678,43.2174357,8894446.63
826MX,1,82615,-106.1955236,42.4810148,80843435.44
826MX,2,82604,-106.6608294,42.4566062,55319731.49
826MX,3,82604,-107.1558419,42.9499090,166682676.79
826MX,4,82604,-107.3704658,42.9767762,33644002.51
826MX,5,82638,-107.4208002,43.0248706,14241238.05
826MX,6,82301,-107.4652965,42.6757368,148452775.44
826MX,7,82642,-107.7669128,43.0199930,52944286.31
827MX,0,82718,-105.1127403,43.8943876,135611344.84
829MH,0,82935,-109.7796635,41.8187827,1902732.88
829MH,1,82938,-109.5972132,41.0972129,1428085.81
829MX,0,82901,-108.5867087,41.7252777,161741234.03
829MX,1,82901,-108.6842141,41.5562796,317065937.63
829MX,2,82901,-108.3592545,41.1902532,2997070850.29
829MX,3,82945,-109.0551931,42.0552095,1687273924.54
829MX,4,82901,-109.1611233,41.0705954,174631097.69
829MX,5,82932,-109.6915581,42.4212923,681260694.71
829MX,6,82901,-109.4082182,41.1359091,276163706.28
829MX,7,82932,-109.7329377,41.9902104,1796654950.84
829MX,8,82935,-109.8930283,41.7840246,582890662.32
829MX,9,82937,-110.0920442,41.3217199,2961426641.54
831MX,0,83113,-109.8364424,42.3453251,283864611.97
831MX,1,83101,-110.0777050,42.1809922,26946727.91
831MX,2,83101,-110.2021273,41.6185781,122759305.62
831MX,3,83101,-110.2565751,41.9282396,249479337.88
831MX,4,83110,-110.6801695,42.4748772,1125280489.14
831MX,5,83101,-110.8596474,41.6718139,643909030.31
832MX,0,83236,-111.6340782,43.1545699,117902848.86
832MX,1,83236,-111.6751150,43.0353988,18424327.90
832MX,2,83217,-111.8228636,42.9821430,54572953.80
832MX,3,83217,-112.0640356,43.0504071,197443742.63
832MX,4,83215,-112.7904600,43.6348321,348680873.03
832MX,5,83212,-112.6287319,42.6825586,17650077.33
832MX,6,83213,-113.0585715,43.3267262,99431518.63
832MX,7,83210,-113.1565241,43.0509156,158925705.46
833MH,0,83350,-113.3840920,42.6723328,14549302.60
833MX,0,83350,-113.4832481,43.1156046,2499799657.66
833MX,1,83302,-114.3070701,42.1033055,723984536.67
833MX,2,83314,-114.9953440,43.1420661,158148664.16
833MX,3,83302,-114.9080232,42.0388623,82747261.42
834MX,0,83429,-111.7377487,44.3381463,21125324.91
834MX,1,83464,-112.7702683,44.1378720,369092679.54
834MX,2,83445,-111.9259034,44.2013897,594873247.73
834MX,3,83420,-111.0724800,44.1795698,38721264.10
834MX,4,83450,-112.6194487,43.7045550,222205148.12
834MX,5,83444,-112.4961727,43.5440764,23557648.93
834MX,6,83443,-111.5266523,43.7203286,34847426.15
835MH,0,83546,-115.8685321,46.8536402,9550651.78
835MX,0,83546,-115.3761594,46.7452441,3079965525.85
835MX,1,83549,-115.6932415,45.5019149,183860680.48
835MX,2,83525,-114.9561730,45.4728751,3076941472.37
836MX,0,83615,-115.8177444,44.6235010,127583652.04
836MX,1,83631,-115.5681954,43.9138476,167629975.25
836MX,2,83634,-116.2256382,43.2377560,122065033.22
836MX,3,83604,-116.4524444,42.3364058,4862508780.59
836MX,4,83604,-116.0366331,42.0591730,128554435.83
836MX,5,83302,-115.2849747,42.4867484,1946329006.02
836MX,6,83604,-115.7090161,42.0446145,181118678.78
837MX,0,83716,-116.1079717,43.1842400,53217515.89
838MX,0,83864,-116.0917892,48.4875233,51124549.08
838MX,1,59867,-115.5396193,47.2055427,808530313.57
838MX,2,83839,-116.2036938,47.8430936,770175650.45
838MX,3,83812,-115.9837872,47.0216325,821979489.09
840MH,0,84029,-112.4142893,40.9535206,1010255184.16
840MX,0,84086,-111.3088832,41.3779826,743115703.32
840MX,1,84029,-113.0101227,40.9081677,569455609.07
840MX,2,84075,-112.2090217,40.9548109,111185896.16
840MX,3,84002,-110.4108429,40.7687192,2627587724.11
840MX,4,84034,-113.3807531,40.2694842,6699854237.25
840MX,5,84036,-111.0336928,40.3902454,290197341.15
840MX,6,84080,-112.1910411,40.1519498,190001543.34
840MX,7,84032,-111.0031755,39.9682977,253998061.07
840MX,8,84063,-109.6478484,39.8009670,5827538905.62
843MH,0,84307,-112.8688860,41.3802511,2085361693.68
843MX,0,84321,-111.4907589,41.6830241,198192838.69
843MX,1,84328,-111.6470792,41.4739098,23711771.77
843MX,2,84336,-112.9165413,41.7085851,26061835.44
843MX,3,84313,-113.1119636,41.4951254,134510538.80
843MX,4,84313,-113.0906229,41.1211475,1239171296.04
843MX,5,84313,-113.7929835,41.5668350,32700534.63
844MH,0,84315,-112.3356067,41.1525909,166719645.43
845MH,0,84520,-110.0023802,39.6318034,4741.92
845MH,1,84520,-110.0226892,39.6070804,31412.03
845MX,0,84520,-110.0549494,39.5277344,2236493064.28
845MX,1,84532,-109.5535531,38.8503886,325348990.38
845MX,2,84532,-109.9548933,38.7763885,294287595.15
845MX,3,84525,-110.6697007,38.8170277,6704110256.60
845MX,4,84536,-109.9375034,37.4448346,1651459500.97
846MH,0,84639,-111.9859282,39.3682124,14111854.37
846MX,0,84629,-111.2736320,40.0345745,333148227.63
846MX,1,84630,-111.8500060,39.3589450,284112386.04
846MX,2,84523,-111.4429761,39.1165138,445314666.96
846MX,3,84080,-112.8722447,39.6633211,6229267942.70
846MX,4,84744,-111.4868281,38.7059536,1270158353.78
847MH,0,84535,-110.2864671,37.6448252,2266584741.02
847MH,1,84741,-111.3712626,37.0582645,148188323.75
847MX,0,84728,-113.3570980,38.8428477,13629255336.94
847MX,1,84775,-111.1624770,38.4137657,725918440.32
847MX,2,84721,-113.0875793,38.0562067,922127294.92
847MX,3,84734,-110.2850711,38.4343660,336215145.94
847MX,4,84712,-111.7243313,38.2031475,426747618.08
847MX,5,84725,-113.9506363,37.5742712,473568694.98
847MX,6,84733,-113.9197148,37.1032543,544171149.67
847MX,7,84536,-110.5142185,37.3556909,466090223.99
847MX,8,84726,-111.1827814,37.5065050,8126194959.76
852MX,0,85262,-111.6849053,33.8946089,84172094.35
852MX,1,85132,-111.1987223,33.1739118,36626947.84
852MX,2,85192,-110.5762717,33.0900972,255907619.42
852MX,3,85131,-111.2728607,32.7228197,175370518.29
852MX,4,85193,-112.0209692,32.6219320,702089563.24
853MX,0,85332,-113.2094313,34.1760420,949373473.14
853MX,1,85354,-113.1831977,33.6185371,190226929.16
853MX,2,85328,-114.4221077,33.2661752,1462434320.90
853MX,3,85333,-113.5988810,33.2260465,1956198173.31
853MX,4,85321,-113.3641916,32.4765891,10175840841.54
855MX,0,85534,-109.2729548,32.5567669,404010156.51
855MX,1,85605,-109.5723156,32.5414511,359421924.67
855MX,2,85533,-109.9666887,33.4243841,2264678030.25
855MX,3,85501,-110.5879111,33.9207459,661322065.25
855MX,4,85550,-110.6137646,33.2283501,224969447.40
855MX,5,85173,-111.1833962,33.4106661,196938263.69
856MX,0,85634,-111.8198210,32.2979976,774532109.66
859MX,0,85937,-110.2184763,34.6656827,25936333.65
859MX,1,85931,-110.7328054,34.5205658,23041375.15
859MX,2,85911,-110.6542069,34.0421877,101678870.36
859MX,3,85938,-109.1613911,34.2434522,177776129.05
859MX,4,85927,-109.5382847,34.1759762,104364425.44
859MX,5,85938,-109.0585025,34.0222848,30737024.87
859MX,6,85941,-109.7341785,33.7671805,828548258.87
859MX,7,85926,-110.0341026,33.6659946,359792851.83
859MX,8,85533,-109.3833902,33.7738641,449351012.30
860MH,0,84536,-110.9721207,37.0760198,628933861.83
863MH,0,85264,-111.7310122,34.0164479,4886810.52
863MX,0,85544,-111.6749014,34.0971027,660060319.32
863MX,1,86334,-112.2032664,34.9484849,52504627.21
864MH,0,86052,-112.8416278,36.2830515,1083234.72
864MX,0,86432,-113.4272087,36.4288665,11803831.86
864MX,1,86432,-113.5296641,36.5394957,348543652.84
865MX,0,86504,-109.2088259,35.9195891,46321662.48
865MX,1,86511,-109.2404018,35.5949660,133108995.32
865MX,2,86535,-109.7966732,36.5869947,151801789.86
865MX,3,86510,-110.3277404,36.0066188,47710530.11
870MX,0,87528,-107.1530670,36.6444820,80555390.83
870MX,1,87013,-107.4708479,36.4822041,99390830.04
870MX,2,87313,-107.5655268,35.7004843,52707302.13
870MX,3,87001,-106.5270914,35.5869937,18918150.22
870MX,4,87001,-106.5382024,35.5034557,58192667.52
870MX,5,87013,-107.2862352,35.4481983,1854340844.38
870MX,6,87011,-106.0750107,33.8860964,83803506.53
871MX,0,87144,-106.9417543,35.3726015,8414997.72
871MX,1,87144,-106.9704187,35.3147414,28901811.96
873MX,0,87455,-108.4556712,36.2646956,250431914.55
873MX,1,87313,-108.2452268,35.9721907,35044150.48
873MX,2,87313,-108.0260242,35.9887483,14114415.15
873MX,3,87313,-107.9149937,35.9210637,104505725.76
873MX,4,87326,-109.0307898,35.1398383,15014730.51
873MX,5,87323,-108.3357681,35.2629256,74362777.56
873MX,6,87327,-108.8508116,34.9734701,19140417.58
874MH,0,87420,-108.9879051,36.9956852,187907.88
874MX,0,87419,-107.2257631,36.9376173,66455398.86
874MX,1,87420,-108.7165140,36.7182678,2979282638.59
874MX,2,87413,-107.8486988,36.4963171,40856602.85
874MX,3,87528,-107.3374553,36.4991748,130768151.09
874MX,4,87499,-108.3077748,36.2943404,91594818.74
875MX,0,87528,-107.1730434,36.9523653,46622054.95
875MX,1,87520,-106.3979025,36.9093160,56068652.81
875MX,2,87519,-105.8513107,36.8298152,471178462.71
877MX,0,88416,-103.9056196,35.4485725,422284682.60
877MX,1,87740,-104.8856964,36.7775117,1447239846.74
878MX,0,87832,-106.0647112,33.7957749,39668020.79
878MX,1,87011,-106.2974133,34.0929168,170744681.20
878MX,2,87832,-106.6304690,34.1993694,228067395.94
878MX,3,87832,-106.5105728,33.6305129,1236259704.52
878MX,4,87006,-107.0442368,34.4072620,343740621.15
878MX,5,87825,-107.6283474,34.4581799,211422232.64
879MX,0,87901,-106.5101039,33.2039948,1490090622.79
879MX,1,87936,-107.1078843,32.8450649,438570333.02
879MX,2,88030,-107.1759969,32.4037877,222618884.66
880MX,0,88011,-106.4694182,32.2366244,272514749.72
880MX,1,88011,-106.4642723,32.8012062,1570785213.62
880MX,2,88012,-106.9053530,32.6922780,229245179.13
880MX,3,88030,-108.1889568,32.4836915,58301480.93
882MX,0,88240,-103.5232528,32.5067817,42888198.62
883MX,0,88352,-106.2581772,33.2870656,1533988903.97
883MX,1,88310,-106.2768720,32.5562283,545897220.94
883MX,2,88344,-105.4716416,32.2292860,5554103799.75
890MH,0,89040,-114.3318330,36.6285782,20906296.68
890MH,1,86443,-114.2151457,36.0963140,62809183.52
890MX,0,89043,-114.1402677,38.5581720,455426018.34
890MX,1,89008,-114.2344454,36.9883020,1379068198.83
890MX,2,89007,-114.2167151,36.2883518,1257915751.33
890MX,3,89049,-116.1950304,37.9279580,47176853767.05
893MX,0,89310,-117.2425442,39.8757451,635460579.00
893MX,1,89316,-116.4220677,40.1209738,1429154482.08
893MX,2,89301,-114.2895913,39.7524908,3407233156.52
893MX,3,89316,-115.6862509,39.4716240,11499385399.23
893MX,4,89311,-114.5257923,38.8580358,2315724429.43
894MH,0,89415,-118.7367620,38.7696399,10610863.11
894MX,0,89426,-117.2716007,41.7079090,2885615039.61
894MX,1,89438,-117.3400008,40.7734513,539635962.20
894MX,2,89425,-118.3788103,41.8584053,772233199.90
894MX,3,89420,-117.7443222,38.6642871,1285921074.99
894MX,4,89406,-118.4143561,39.3859634,407623312.24
894MX,5,89419,-117.9997795,39.9844272,4901320030.97
894MX,6,89419,-119.1076074,40.8332418,9065471765.36
894MX,7,89415,-118.4128759,38.5603354,5761069296.48
898MX,0,89825,-114.3921782,41.7254100,3136919730.74
898MX,1,89826,-115.0136057,41.9155225,671616066.08
898MX,2,89826,-115.3665547,41.5867180,2315690733.56
898MX,3,89801,-115.8001483,41.8705795,483628655.06
898MX,4,89833,-114.6115089,40.4402750,6797600655.21
898MX,5,89822,-116.0418534,40.9459152,328373151.16
898MX,6,89815,-115.9113755,40.3751277,1230057652.51
898MX,7,89820,-116.4912558,41.0540605,660766872.54
898MX,8,89832,-116.6816175,41.6788235,4154656861.37
898MX,9,89820,-117.2549578,40.4927876,293201353.08
907MX,0,93042,-118.4853928,32.9002884,146800971.09
920MX,0,92539,-116.4437452,33.4079137,20813810.92
922MX,0,92242,-114.3823776,34.3070386,370912648.62
922MX,1,92277,-115.1090030,34.5066974,1696346955.02
922MX,2,92239,-115.3681606,33.7861946,6008148800.19
922MX,3,92277,-116.2683052,34.4147656,195913674.12
923MX,0,92332,-114.8789490,35.1044701,317782427.71
923MX,1,92364,-115.1882225,35.3676757,214628127.48
923MX,2,92363,-114.9092945,34.7710060,988170625.39
923MX,3,92364,-115.8324785,35.0579803,2190246815.90
923MX,4,92285,-116.2419698,34.5438502,1232422226.91
923MX,5,92384,-116.6650866,35.7651017,14861009044.50
931MX,0,93001,-120.1050212,33.9665962,214744522.79
931MX,1,93001,-120.3746685,34.0382780,42338336.80
932MX,0,93501,-118.0663460,35.4719263,46972906.63
932MX,1,93501,-118.1112049,35.4065807,56946825.93
932MX,2,93527,-118.4273187,36.5080032,799085270.98
932MX,3,93527,-118.2960241,35.9661469,596648458.40
932MX,4,93212,-119.7178782,35.9265331,409429987.96
932MX,5,93249,-119.9133489,35.4751464,37240550.65
934MX,0,93224,-119.6532088,35.0771116,79061907.24
934MX,1,93254,-119.9117599,34.8675146,673819389.50
934MX,2,93105,-119.5529577,34.6362526,404895702.04
935MX,0,93545,-118.0399825,36.8230033,177981038.06
935MX,1,93522,-117.5344371,36.5881905,8637476073.23
935MX,2,93514,-118.6933614,37.7648479,321336874.98
935MX,3,93528,-117.5938308,35.3620879,857653724.71
935MX,4,93546,-118.8403647,37.9624474,514703741.69
935MX,5,93501,-118.1279033,35.2937626,147868233.75
936MX,0,93634,-118.6130068,36.8585433,1165498821.78
936MX,1,93529,-119.3002844,37.5785105,1161747176.69
939MX,0,93930,-121.3145644,36.0116092,69624036.44
952MX,0,95223,-120.2124650,38.4449561,1425539.53
953MX,0,95389,-119.4472841,37.7544477,272781756.49
953MX,1,95335,-119.9566166,38.0674166,15475617.33
953MX,2,95223,-120.0618941,38.3265937,195557614.55
953MX,3,95321,-120.0452892,37.9698013,57008980.30
954MX,0,95939,-122.8605637,39.5652034,93009435.19
954MX,1,95469,-122.8147216,39.3825509,110467666.24
955MX,0,97523,-123.5801366,41.9753453,31277841.27
955MX,1,95543,-123.9319976,41.9803949,18679105.99
955MX,2,95546,-123.7630680,41.5070453,225401192.97
955MX,3,95546,-123.9602369,41.1775155,154470447.76
956MX,0,95634,-120.4454325,38.9230771,59990403.76
957MX,0,95631,-120.5238530,39.1721400,367431209.54
957MX,1,95634,-120.5831412,38.9956682,9864693.45
957MX,2,95735,-120.3846640,38.9630566,135799292.00
959MX,0,95915,-121.2804904,40.1304449,81160949.42
959MX,1,95934,-121.0634298,40.1085149,10945227.49
959MX,2,95963,-122.8019732,39.6825067,326383097.71
959MX,3,95978,-121.4155526,39.9640324,72764220.06
959MX,4,95724,-120.4833124,39.4156217,31785384.08
960MX,0,96137,-121.1166771,40.4162282,54431356.56
960MX,1,96071,-121.4245419,40.5660563,95325208.43
960MX,2,96096,-121.6306293,40.6984173,194971152.90
960MX,3,96056,-121.6080210,41.4555911,1983860418.28
960MX,4,95942,-121.5717049,40.1940517,60323898.82
960MX,5,95973,-121.7045123,40.2074390,74355459.18
960MX,6,95552,-122.8129111,40.1555896,12176762.31
960MX,7,95428,-122.7206095,39.8490679,97360359.29
961MX,0,96123,-120.0431349,40.6973910,85866454.05
961MX,1,96136,-120.0324331,40.4881498,69412886.05
961MX,2,96123,-120.2017752,41.0931752,378466758.02
961MX,3,96006,-120.8014610,41.0341330,64036675.84
961MX,4,95983,-120.4701129,40.0696569,83560356.86
961MX,5,96134,-120.9889113,41.7602877,2502067118.39
961MX,6,96130,-121.0905603,40.6134078,1276216000.81
961MX,7,96146,-120.4424762,39.0444243,240903831.31
967MX,0,96796,-159.7243317,22.0617263,28458643.83
967MX,1,96763,-156.6093426,20.5468978,116759881.42
967MX,2,96720,-155.5040155,19.6076612,1354276178.46
970MX,0,97049,-121.9669224,45.1959334,21622521.25
970MX,1,97063,-121.5822172,45.2331338,18496606.35
970MX,2,97023,-121.9695869,44.9967985,821196314.66
971MX,0,97138,-123.4377896,45.7554927,1146215.34
971MX,1,97131,-123.6912553,45.6256487,3147315.02
971MX,2,97131,-123.6515189,45.6471479,11858762.26
971MX,3,97144,-123.4577318,45.7136893,25695472.59
971MX,4,97119,-123.4281485,45.4815172,17970234.54
973MX,0,97342,-121.9399651,44.8473700,244603876.19
973MX,1,97413,-122.0773343,44.4488723,225019531.90
973MX,2,97329,-122.3262735,44.5935723,432687427.90
973MX,3,97367,-123.7237163,44.8831789,39617733.12
974MX,0,97436,-123.6466925,43.8210728,47689169.71
974MX,1,97488,-122.3657065,43.9356339,119814936.80
974MX,2,97486,-123.7524634,43.3649477,229459547.87
974MX,3,97434,-122.5747334,43.5125394,1188406093.07
974MX,4,97484,-122.7558245,43.1430859,88292424.99
974MX,5,97469,-123.7009441,42.8211288,179307922.79
974MX,6,97447,-122.5332410,43.0380704,513796235.01
975MX,0,97406,-123.7129913,42.6900322,109886677.21
975MX,1,97536,-122.5898793,42.8981586,6779169.08
975MX,2,97406,-123.8800576,42.5056428,87279149.18
977MX,0,97754,-119.7223635,43.8541104,677712184.94
977MX,1,97758,-119.9850733,43.5408984,370957148.24
977MX,2,97637,-119.5614682,42.9936442,2225072906.52
977MX,3,97641,-120.3169879,43.4922876,82879538.32
977MX,4,97710,-119.3065002,42.2676225,2370017654.44
977MX,5,97630,-120.2097511,42.8643064,263797744.55
977MX,6,97761,-121.6151370,44.8774834,934362729.35
977MX,7,97623,-120.9258670,42.0919161,254483595.95
977MX,8,97622,-121.0775865,42.7505462,1494756737.76
977MX,9,97735,-121.3045443,43.3934873,1959200515.73
978MX,0,97828,-117.7853896,45.9392037,252247592.89
978MX,1,97868,-118.6348923,45.2086238,78585580.09
978MX,2,97877,-118.8177632,44.9567759,64142952.29
978MX,3,97867,-118.3135124,45.0827704,360591142.89
978MX,4,97825,-119.3570325,44.2294566,28206912.89
978MX,5,97904,-118.6887485,44.1061601,54112382.57
978MX,6,97904,-118.3885556,44.1775278,252945147.33
982MX,0,98283,-121.2026486,48.7992059,2950930872.60
983MX,0,98548,-123.4655963,47.7557314,961968459.38
985MX,0,98526,-124.2141298,47.4023230,202473561.57
986MX,0,98650,-121.8249609,46.1972325,1394512367.03
988MX,0,98833,-120.3204433,48.8289045,1958414828.94
989MX,0,98901,-120.1663622,46.7124684,937219199.59
989MX,1,98619,-121.2544196,46.2175338,1425938262.08
989MX,2,98948,-120.5197057,46.1028673,159432342.90
995MH,0,99632,-163.8828926,62.2888452,266206823.97
995MH,1,99690,-163.7789610,61.5556159,105054048.63
995MH,2,99690,-163.7556662,60.3047953,488167885.22
995MH,3,99658,-162.8215117,62.3087268,38534759.80
995MH,4,99690,-162.6020147,60.2827023,38691122.39
995MH,5,99690,-162.3223373,60.1575870,30679072.69
995MH,6,99690,-161.7281500,60.5027821,43975347.05
995MH,7,99558,-160.6046116,62.8285409,30957062.25
995MH,8,99657,-160.7429236,61.9344813,41781113.46
995MH,9,99590,-159.5650273,63.2058928,836217081.12
995MH,10,99576,-158.9179139,59.3912209,42249788.16
995MH,11,99576,-158.7998482,59.5381768,199935800.48
995MH,12,99576,-157.3261088,59.9184451,51811178.44
995MH,13,99579,-158.1009156,57.3306815,37528682.09
995MH,14,99579,-156.7817685,57.5982282,401574910.29
995MH,15,99579,-156.4055876,57.9240329,1234049826.94
995MH,16,99588,-145.4021159,62.1770049,48307207.41
995MH,17,99574,-144.4369512,60.9791630,44335870.43
995MH,18,99574,-144.6101874,60.4149761,84858975.85
995MX,0,99547,-179.1081993,51.2617824,34536088.18
995MX,1,99547,-178.9565933,51.3604713,31685762.90
995MX,2,99547,-178.7935865,51.5558407,15310650.23
995MX,3,99547,-177.9669621,51.7963685,509614717.49
995MX,4,99547,-178.8026511,51.7914372,344536307.70
995MX,5,99547,-177.2794851,51.7819645,375167018.04
995MX,6,99547,-175.8132549,51.9381524,17865370.85
995MX,7,99547,-175.7109481,51.9579360,14634913.07
995MX,8,99547,-175.8892071,51.9827616,21296422.24
995MX,9,99547,-176.1020055,52.0470500,160516628.25
995MX,10,99547,-174.1592310,52.0976806,1142591300.62
995MX,11,99547,-175.5085439,52.1743762,151291955.17
995MX,12,99547,-172.4723044,52.3199313,207298766.92
995MX,13,99553,-166.1442017,53.9750505,28351427.80
995MX,14,99553,-165.5303128,54.0442423,14804930.06
995MX,15,99553,-165.9544152,54.1183391,230900570.96
995MX,16,99553,-165.5569463,54.2064541,160369385.42
995MX,17,99604,-165.6852366,61.3664467,278051984.71
995MX,18,99604,-165.3564804,61.5502954,1303653467.52
995MX,19,99553,-165.3277163,54.0738583,36406036.98
995MX,20,99553,-165.0589909,54.1017722,102719731.98
995MX,21,99553,-164.8246744,54.2039694,15644015.71
995MX,22,99553,-162.6486761,54.4231128,147207565.91
995MX,23,99583,-164.1028176,54.7361959,4041012526.36
995MX,24,99583,-162.9574189,55.0449575,1026942872.93
995MX,25,99571,-163.1574733,55.4355145,246770526.59
995MX,26,99628,-159.9807279,58.5987093,150375526.16
995MX,27,99628,-160.2832454,58.6842831,16613802.15
995MX,28,99628,-160.4130075,58.7141789,15195669.33
995MX,29,99622,-163.2691821,60.2061947,4401941273.04
995MX,30,99690,-164.8457831,61.2059190,411118939.30
995MX,31,99666,-161.8382069,61.5848756,59088293660.50
995MX,32,99607,-160.6484797,61.8372549,466463670.74
995MX,33,99666,-164.5070007,62.8814285,776409299.12
995MX,34,99666,-164.3272393,62.9962428,9039907.95
995MX,35,99620,-164.0455445,63.1284456,650510566.71
995MX,36,99666,-164.5421109,63.1160029,17470056.97
995MX,37,99666,-164.3702691,63.1177369,190233952.46
995MX,38,99612,-159.5603345,54.7856886,31375663.88
995MX,39,99612,-159.7579004,54.8195958,22371014.79
995MX,40,99648,-158.8114628,55.8538653,47931982.12
995MX,41,99548,-158.3410225,56.9295938,38261549601.94
995MX,42,99576,-157.0742264,59.8598879,17073271932.41
995MX,43,99574,-144.4083087,59.9167712,80853819.20
995MX,44,99574,-147.4452183,60.0407778,851709106.87
995MX,45,99574,-147.4222734,60.2646717,31462484.57
995MX,46,99574,-148.0660796,60.3227374,64120376.75
995MX,47,99574,-147.7596504,60.3325371,277742985.09
995MX,48,99574,-145.2964905,60.3716578,55011911.42
995MX,49,99566,-143.9235599,60.5979782,8339272076.47
995MX,50,99557,-150.2091884,61.1506265,16832115.42
995MX,51,99557,-158.3934558,61.7416227,492426487.16
995MX,52,99575,-157.9874670,62.0295234,872661674.42
995MX,53,99566,-143.2820185,62.1885129,14104438133.15
995MX,54,99586,-145.4043207,62.8111383,9066343627.29
996MH,0,99607,-163.6963448,62.6690169,130979218.47
996MH,1,99658,-164.8537786,61.5609231,191670424.53
996MH,2,99658,-163.1341181,61.9325784,165729923.46
996MH,3,99650,-162.4481213,61.8413144,89269518.93
996MH,4,99551,-161.1585128,61.0006391,147670726.23
996MH,5,99558,-160.0891611,62.3518361,230697301.66
996MH,6,99665,-159.5391302,62.1533018,187257901.57
996MH,7,99653,-154.0680105,60.3166299,224590870.93
996MH,8,99606,-155.4243993,59.1023491,12959450427.92
996MH,9,99664,-150.8717907,60.1840475,297188219.02
996MH,10,99572,-150.3505601,60.4232109,100526096.40
996MH,11,99664,-140.1280392,59.8125540,113309760.74
996MH,12,99664,-138.1529476,59.2922276,116514856.86
996MX,0,99690,-173.0782053,60.6566179,15919572.38
996MX,1,99690,-172.7607795,60.1988797,141671507.93
996MX,2,99690,-172.7236132,60.4281213,366920290.24
996MX,3,99638,-171.2581124,52.4860350,51190728.92
996MX,4,99638,-170.7015502,52.6274051,173060876.03
996MX,5,99638,-170.1187673,52.7513753,54787776.40
996MX,6,99638,-170.0543360,52.8932156,42235150.76
996MX,7,99638,-169.7632916,53.0635411,9321267.40
996MX,8,99638,-169.7135946,52.9940155,40412731.08
996MX,9,99638,-169.8236326,52.8376907,167463596.26
996MX,10,99666,-165.9593546,61.6168345,199208528.78
996MX,11,99638,-168.3375939,53.2800560,1725681733.76
996MX,12,99604,-165.4317944,61.2527221,536149497.39
996MX,13,99630,-166.3906537,60.0969243,4148393832.97
996MX,14,99666,-165.1555305,61.9766856,4310127663.72
996MX,15,99666,-163.7086404,63.1167189,160879972.19
996MX,16,99690,-164.7044027,60.6315361,1733737509.06
996MX,17,99690,-164.3101061,60.9278645,344962450.34
996MX,18,99685,-166.8871167,53.6611410,2686394523.18
996MX,19,99690,-164.1771038,60.4515206,1952881568.52
996MX,20,99671,-162.5160866,63.5834021,140327340.94
996MX,21,99622,-163.8408382,59.8882214,538363410.94
996MX,22,99771,-161.3063870,64.1253820,140412188.42
996MX,23,99690,-162.9337474,61.3818889,1811636022.85
996MX,24,99657,-162.4651592,62.1342217,3219586990.36
996MX,25,99746,-160.6389757,64.2961003,15873526843.36
996MX,26,99607,-160.1966076,62.3410462,5576128172.22
996MX,27,99612,-162.3229471,54.9092603,150190727.77
996MX,28,99651,-160.9264044,58.6643944,301853513.05
996MX,29,99557,-160.4896533,61.2655620,5994497141.06
996MX,30,99548,-161.6169218,55.2250925,43079078.24
996MX,31,99548,-161.7556043,55.1150828,157117703.79
996MX,32,99548,-161.3754107,55.1948053,33545593.49
996MX,33,99661,-160.2415774,55.4259468,71869705.65
996MX,34,99661,-160.0717967,55.3243147,15750974.54
996MX,35,99656,-157.6761265,61.5004873,4164496794.51
996MX,36,99661,-160.0202137,55.0995431,356117438.04
996MX,37,99661,-159.4038869,55.0095494,77797168.67
996MX,38,99661,-159.2709067,54.9027795,48344626.45
996MX,39,99579,-157.2104852,57.8337745,3439903453.16
996MX,40,99625,-155.8779744,59.6378620,1310794000.83
996MX,41,99640,-154.4488664,60.5607219,6395024007.65
996MX,42,99647,-154.0147057,60.1513875,2444106939.77
996MX,43,99682,-154.0419690,59.6693948,747575103.75
996MX,44,delete,-154.4912480,58.0526112,55978.92
996MX,45,delete,-155.6302998,55.8093385,450667589.75
996MX,46,99682,-153.4537683,59.3644623,94781581.59
996MX,47,99682,-152.5921422,60.1435208,23785007.03
996MX,48,99682,-154.6026648,58.4350640,7664164389.29
996MX,49,99615,-154.6282177,56.5011955,168469253.05
996MX,50,99682,-151.9479664,60.4423405,56232847.57
996MX,51,99615,-154.0708743,56.7017984,20732597.23
996MX,52,99615,-153.3708547,57.8906799,148968926.32
996MX,53,99615,-154.1490921,56.5483700,245968685.81
996MX,54,99675,-156.0546859,62.9033221,65593880673.21
996MX,55,delete,-152.2658742,58.9292531,29507654.27
996MX,56,99667,-150.7596023,61.2883569,185223962.63
996MX,57,99603,-151.8286067,59.1569680,15982199.43
996MX,58,99643,-153.1831475,57.1179038,300290656.32
996MX,59,delete,-151.6830380,59.1125054,12069793.69
996MX,60,delete,-151.4759173,59.1281645,13841716.85
996MX,61,delete,-151.8405060,58.2167346,45610805.65
996MX,62,99605,-150.2252620,60.7184592,2018119887.94
996MX,63,99603,-150.6848067,59.3546682,60673112.09
996MX,64,99603,-150.6526923,59.9277877,1513994889.04
996MX,65,99664,-150.3664275,59.4268536,21464310.34
996MX,66,99588,-148.3589787,62.4686606,12295795686.11
996MX,67,99664,-148.4471638,60.6427858,454507916.06
996MX,68,99664,-148.1625310,60.6984241,75666025.63
996MX,69,99588,-147.3264605,61.6305490,1712277049.48
996MX,70,delete,-147.6327563,60.5150730,10327781.86
996MX,71,delete,-147.5866575,60.5506544,13113500.52
996MX,72,delete,-147.4092190,60.6553487,38376319.70
996MX,73,99566,-143.7121088,60.0597757,163974370.48
996MX,74,99566,-140.3788635,59.9074059,19060776920.57
997MH,0,99763,-161.3547499,66.7419086,976666995.39
997MH,1,99791,-156.3410126,70.9259742,33303700.47
997MH,2,99721,-158.3524803,67.9342421,32318756.37
997MH,3,99770,-159.9053854,66.5129158,455867309.68
997MH,4,99748,-158.3760204,64.5333488,141619897.58
997MH,5,99746,-157.1901762,64.8036186,520177241.06
997MH,6,99768,-155.7911321,65.9390232,302505624.34
997MH,7,99720,-152.4046123,66.5414868,23116647.57
997MH,8,99741,-153.0784061,66.3189000,91497774.91
997MH,9,99740,-142.2350195,69.8755591,26750365.78
997MH,10,99740,-141.3971839,69.6950759,160185.24
997MH,11,99774,-150.0707511,65.7497815,917481904.76
997MH,12,99730,-146.1699756,66.5455948,312899817.63
997MH,13,99738,-141.8897665,65.2252101,101253155.44
997MX,0,99721,-168.0632571,64.9729340,10391211.54
997MX,1,99768,-156.9342297,65.1035532,4607812588.88
997MX,2,99748,-157.2232043,64.3143593,20413730464.66
997MX,3,99519,-143.7573770,69.4570096,23946671485.95
997MX,4,99721,-156.2816260,67.9694467,324646577910.99
997MX,5,99790,-148.7385516,65.6134880,15860787873.92
997MX,6,99743,-151.3047230,63.3788251,14568297092.60
997MX,7,99760,-147.3652869,63.6116157,19011563193.69
997MX,8,99740,-142.4448604,67.1218108,23900326857.91
997MX,9,99730,-143.8253149,64.6865986,9748923569.69
997MX,10,99732,-142.8814024,63.8876530,9017729809.56
997MX,11,99780,-141.8941131,62.5421388,7614811374.93
998MH,0,99827,-134.3207636,58.1177151,2461324.33
998MH,1,99827,-135.4843247,58.4882064,290897.61
998MX,0,99827,-135.3249388,58.9703984,18292912.28
998MX,1,99801,-134.8709698,59.0472141,2351786339.47
998MX,2,99820,-134.2349178,57.9300473,19091956.41
998MX,3,99820,-134.1536943,57.8261936,22767416.93
998MX,4,99801,-132.9589117,57.4307588,7330533904.91
998MX,5,delete,-135.9899555,58.6537631,319527.96
998MX,6,99827,-135.4574931,58.3223522,485678.22
998MX,7,delete,-135.2586867,58.1755105,157607.20
998MX,8,99827,-135.6364768,58.3535331,48365775.08
998MX,9,delete,-136.1185635,58.5872020,10945388.74
998MX,10,99820,-134.4775072,57.9490154,2146874797.74
998MX,11,99841,-135.1854488,57.9490706,752078056.67
998MX,12,99820,-134.8928741,57.3756647,87772998.42
998MX,13,99832,-135.6542864,57.6751141,21697841.14
998MX,14,99832,-136.4671465,57.9860832,216058934.10
998MX,15,delete,-135.4501954,57.2213716,34646384.13
998MX,16,99832,-136.1916490,57.6801278,26604183.83
998MX,17,99832,-135.5996384,57.6729636,2661695670.21
998MX,18,delete,-135.6288276,57.2719544,33985387.76
998MX,19,99830,-134.0230234,56.4251159,1281881914.25
998MX,20,delete,-135.7245941,57.1558884,437284506.10
998MX,21,delete,-134.2619418,55.8843921,73368511.91
999MH,0,99901,-131.1949576,55.4419754,746160.79
999MH,1,99901,-131.1922180,55.4219706,1446045.75
999MX,0,99927,-133.5213221,56.1427397,12364119.78
999MX,1,99927,-132.6141860,56.4697361,12165384.64
999MX,2,99921,-133.8931281,55.8930562,50113993.22
999MX,3,99927,-132.9661481,56.2229539,15449390.82
999MX,4,99927,-132.8360015,56.3552778,476017523.59
999MX,5,99927,-133.0329107,56.0869852,31724831.55
999MX,6,99927,-133.2828326,55.8446404,73688961.37
999MX,7,99921,-133.5100724,55.4713804,77762628.47
999MX,8,99927,-133.3674147,55.5182035,91330983.93
999MX,9,99929,-132.3678515,55.8809153,14583949.27
999MX,10,99918,-132.7897400,55.8002652,666525524.23
999MX,11,99922,-133.2783153,55.4258972,22449553.38
999MX,12,99922,-133.5841575,55.3522298,124032999.65
999MX,13,99922,-133.3586876,55.2697326,156144898.85
999MX,14,99922,-132.9071163,55.1986321,18639412.88
999MX,15,99919,-132.3255589,55.5590730,134413254.43
999MX,16,99922,-133.5288184,54.8004062,10289691.46
999MX,17,99921,-132.7125077,55.1248082,5882723.62
999MX,18,99921,-132.7931945,55.0890572,172084097.10
999MX,19,99922,-132.7080806,54.8588683,124129300.95
999MX,20,99901,-130.9572726,55.3508326,15231334.39
999MX,21,99901,-131.1275341,55.3525246,380023271.04
999MX,22,99901,-131.2097578,55.0780630,18104718.77
999MX,23,99901,-130.7361089,55.6311273,9996573136.77
999MX,24,99901,-130.6754642,54.7457162,10749962.75
